class,class_idx,weight
negative,0,0.9256217202829112
neutral,1,2.44987922705314
positive,2,0.661611219830398
